category,name,country,description
Legend,Ayrton Senna,Brazil,"Ayrton Senna is widely regarded as one of the greatest Formula 1 drivers in history. Known for exceptional skill, consistency, and racecraft, Ayrton Senna left a lasting legacy in the sport. Their achievements include multiple race wins, championships, and iconic performances that shaped Formula 1. Ayrton Senna's influence extends beyond statistics, inspiring generations of drivers and fans with their dedication, technical understanding, and passion for racing."
Legend,Michael Schumacher,Germany,"Michael Schumacher is widely regarded as one of the greatest Formula 1 drivers in history. Known for exceptional skill, consistency, and racecraft, Michael Schumacher left a lasting legacy in the sport. Their achievements include multiple race wins, championships, and iconic performances that shaped Formula 1. Michael Schumacher's influence extends beyond statistics, inspiring generations of drivers and fans with their dedication, technical understanding, and passion for racing."
Legend,Juan Manuel Fangio,Argentina,"Juan Manuel Fangio is widely regarded as one of the greatest Formula 1 drivers in history. Known for exceptional skill, consistency, and racecraft, Juan Manuel Fangio left a lasting legacy in the sport. Their achievements include multiple race wins, championships, and iconic performances that shaped Formula 1. Juan Manuel Fangio's influence extends beyond statistics, inspiring generations of drivers and fans with their dedication, technical understanding, and passion for racing."
Legend,Alain Prost,France,"Alain Prost is widely regarded as one of the greatest Formula 1 drivers in history. Known for exceptional skill, consistency, and racecraft, Alain Prost left a lasting legacy in the sport. Their achievements include multiple race wins, championships, and iconic performances that shaped Formula 1. Alain Prost's influence extends beyond statistics, inspiring generations of drivers and fans with their dedication, technical understanding, and passion for racing."
Legend,Niki Lauda,Austria,"Niki Lauda is widely regarded as one of the greatest Formula 1 drivers in history. Known for exceptional skill, consistency, and racecraft, Niki Lauda left a lasting legacy in the sport. Their achievements include multiple race wins, championships, and iconic performances that shaped Formula 1. Niki Lauda's influence extends beyond statistics, inspiring generations of drivers and fans with their dedication, technical understanding, and passion for racing."
Legend,Jackie Stewart,UK,"Jackie Stewart is widely regarded as one of the greatest Formula 1 drivers in history. Known for exceptional skill, consistency, and racecraft, Jackie Stewart left a lasting legacy in the sport. Their achievements include multiple race wins, championships, and iconic performances that shaped Formula 1. Jackie Stewart's influence extends beyond statistics, inspiring generations of drivers and fans with their dedication, technical understanding, and passion for racing."
Legend,Sebastian Vettel,Germany,"Sebastian Vettel is widely regarded as one of the greatest Formula 1 drivers in history. Known for exceptional skill, consistency, and racecraft, Sebastian Vettel left a lasting legacy in the sport. Their achievements include multiple race wins, championships, and iconic performances that shaped Formula 1. Sebastian Vettel's influence extends beyond statistics, inspiring generations of drivers and fans with their dedication, technical understanding, and passion for racing."
Legend,Jim Clark,UK,"Jim Clark is widely regarded as one of the greatest Formula 1 drivers in history. Known for exceptional skill, consistency, and racecraft, Jim Clark left a lasting legacy in the sport. Their achievements include multiple race wins, championships, and iconic performances that shaped Formula 1. Jim Clark's influence extends beyond statistics, inspiring generations of drivers and fans with their dedication, technical understanding, and passion for racing."
Current Driver,Max Verstappen,Netherlands,"Max Verstappen is an active Formula 1 driver competing at the highest level of motorsport. Representing Netherlands, Max Verstappen has demonstrated strong performance, adaptability, and technical skill across different circuits. Known for competitive racing and continuous development, Max Verstappen contributes to the evolving dynamics of modern Formula 1. Their career reflects dedication, teamwork, and ambition to achieve podiums, victories, and potentially world championships in the future."
Current Driver,Lewis Hamilton,UK,"Lewis Hamilton is an active Formula 1 driver competing at the highest level of motorsport. Representing UK, Lewis Hamilton has demonstrated strong performance, adaptability, and technical skill across different circuits. Known for competitive racing and continuous development, Lewis Hamilton contributes to the evolving dynamics of modern Formula 1. Their career reflects dedication, teamwork, and ambition to achieve podiums, victories, and potentially world championships in the future."
Current Driver,Charles Leclerc,Monaco,"Charles Leclerc is an active Formula 1 driver competing at the highest level of motorsport. Representing Monaco, Charles Leclerc has demonstrated strong performance, adaptability, and technical skill across different circuits. Known for competitive racing and continuous development, Charles Leclerc contributes to the evolving dynamics of modern Formula 1. Their career reflects dedication, teamwork, and ambition to achieve podiums, victories, and potentially world championships in the future."
Current Driver,Lando Norris,UK,"Lando Norris is an active Formula 1 driver competing at the highest level of motorsport. Representing UK, Lando Norris has demonstrated strong performance, adaptability, and technical skill across different circuits. Known for competitive racing and continuous development, Lando Norris contributes to the evolving dynamics of modern Formula 1. Their career reflects dedication, teamwork, and ambition to achieve podiums, victories, and potentially world championships in the future."
Current Driver,Oscar Piastri,Australia,"Oscar Piastri is an active Formula 1 driver competing at the highest level of motorsport. Representing Australia, Oscar Piastri has demonstrated strong performance, adaptability, and technical skill across different circuits. Known for competitive racing and continuous development, Oscar Piastri contributes to the evolving dynamics of modern Formula 1. Their career reflects dedication, teamwork, and ambition to achieve podiums, victories, and potentially world championships in the future."
Current Driver,George Russell,UK,"George Russell is an active Formula 1 driver competing at the highest level of motorsport. Representing UK, George Russell has demonstrated strong performance, adaptability, and technical skill across different circuits. Known for competitive racing and continuous development, George Russell contributes to the evolving dynamics of modern Formula 1. Their career reflects dedication, teamwork, and ambition to achieve podiums, victories, and potentially world championships in the future."
Current Driver,Fernando Alonso,Spain,"Fernando Alonso is an active Formula 1 driver competing at the highest level of motorsport. Representing Spain, Fernando Alonso has demonstrated strong performance, adaptability, and technical skill across different circuits. Known for competitive racing and continuous development, Fernando Alonso contributes to the evolving dynamics of modern Formula 1. Their career reflects dedication, teamwork, and ambition to achieve podiums, victories, and potentially world championships in the future."
Current Driver,Lance Stroll,Canada,"Lance Stroll is an active Formula 1 driver competing at the highest level of motorsport. Representing Canada, Lance Stroll has demonstrated strong performance, adaptability, and technical skill across different circuits. Known for competitive racing and continuous development, Lance Stroll contributes to the evolving dynamics of modern Formula 1. Their career reflects dedication, teamwork, and ambition to achieve podiums, victories, and potentially world championships in the future."
Current Driver,Carlos Sainz,Spain,"Carlos Sainz is an active Formula 1 driver competing at the highest level of motorsport. Representing Spain, Carlos Sainz has demonstrated strong performance, adaptability, and technical skill across different circuits. Known for competitive racing and continuous development, Carlos Sainz contributes to the evolving dynamics of modern Formula 1. Their career reflects dedication, teamwork, and ambition to achieve podiums, victories, and potentially world championships in the future."
Current Driver,Alexander Albon,Thailand,"Alexander Albon is an active Formula 1 driver competing at the highest level of motorsport. Representing Thailand, Alexander Albon has demonstrated strong performance, adaptability, and technical skill across different circuits. Known for competitive racing and continuous development, Alexander Albon contributes to the evolving dynamics of modern Formula 1. Their career reflects dedication, teamwork, and ambition to achieve podiums, victories, and potentially world championships in the future."
Current Driver,Pierre Gasly,France,"Pierre Gasly is an active Formula 1 driver competing at the highest level of motorsport. Representing France, Pierre Gasly has demonstrated strong performance, adaptability, and technical skill across different circuits. Known for competitive racing and continuous development, Pierre Gasly contributes to the evolving dynamics of modern Formula 1. Their career reflects dedication, teamwork, and ambition to achieve podiums, victories, and potentially world championships in the future."
Current Driver,Esteban Ocon,France,"Esteban Ocon is an active Formula 1 driver competing at the highest level of motorsport. Representing France, Esteban Ocon has demonstrated strong performance, adaptability, and technical skill across different circuits. Known for competitive racing and continuous development, Esteban Ocon contributes to the evolving dynamics of modern Formula 1. Their career reflects dedication, teamwork, and ambition to achieve podiums, victories, and potentially world championships in the future."
Current Driver,Valtteri Bottas,Finland,"Valtteri Bottas is an active Formula 1 driver competing at the highest level of motorsport. Representing Finland, Valtteri Bottas has demonstrated strong performance, adaptability, and technical skill across different circuits. Known for competitive racing and continuous development, Valtteri Bottas contributes to the evolving dynamics of modern Formula 1. Their career reflects dedication, teamwork, and ambition to achieve podiums, victories, and potentially world championships in the future."
Current Driver,Sergio Perez,Mexico,"Sergio Perez is an active Formula 1 driver competing at the highest level of motorsport. Representing Mexico, Sergio Perez has demonstrated strong performance, adaptability, and technical skill across different circuits. Known for competitive racing and continuous development, Sergio Perez contributes to the evolving dynamics of modern Formula 1. Their career reflects dedication, teamwork, and ambition to achieve podiums, victories, and potentially world championships in the future."
Current Driver,Nico Hulkenberg,Germany,"Nico Hulkenberg is an active Formula 1 driver competing at the highest level of motorsport. Representing Germany, Nico Hulkenberg has demonstrated strong performance, adaptability, and technical skill across different circuits. Known for competitive racing and continuous development, Nico Hulkenberg contributes to the evolving dynamics of modern Formula 1. Their career reflects dedication, teamwork, and ambition to achieve podiums, victories, and potentially world championships in the future."
Current Driver,Liam Lawson,New Zealand,"Liam Lawson is an active Formula 1 driver competing at the highest level of motorsport. Representing New Zealand, Liam Lawson has demonstrated strong performance, adaptability, and technical skill across different circuits. Known for competitive racing and continuous development, Liam Lawson contributes to the evolving dynamics of modern Formula 1. Their career reflects dedication, teamwork, and ambition to achieve podiums, victories, and potentially world championships in the future."
Current Driver,Yuki Tsunoda,Japan,"Yuki Tsunoda is an active Formula 1 driver competing at the highest level of motorsport. Representing Japan, Yuki Tsunoda has demonstrated strong performance, adaptability, and technical skill across different circuits. Known for competitive racing and continuous development, Yuki Tsunoda contributes to the evolving dynamics of modern Formula 1. Their career reflects dedication, teamwork, and ambition to achieve podiums, victories, and potentially world championships in the future."
Current Driver,Zhou Guanyu,China,"Zhou Guanyu is an active Formula 1 driver competing at the highest level of motorsport. Representing China, Zhou Guanyu has demonstrated strong performance, adaptability, and technical skill across different circuits. Known for competitive racing and continuous development, Zhou Guanyu contributes to the evolving dynamics of modern Formula 1. Their career reflects dedication, teamwork, and ambition to achieve podiums, victories, and potentially world championships in the future."
Current Driver,Oliver Bearman,UK,"Oliver Bearman is an active Formula 1 driver competing at the highest level of motorsport. Representing UK, Oliver Bearman has demonstrated strong performance, adaptability, and technical skill across different circuits. Known for competitive racing and continuous development, Oliver Bearman contributes to the evolving dynamics of modern Formula 1. Their career reflects dedication, teamwork, and ambition to achieve podiums, victories, and potentially world championships in the future."
Current Driver,Kimi Antonelli,Italy,"Kimi Antonelli is an active Formula 1 driver competing at the highest level of motorsport. Representing Italy, Kimi Antonelli has demonstrated strong performance, adaptability, and technical skill across different circuits. Known for competitive racing and continuous development, Kimi Antonelli contributes to the evolving dynamics of modern Formula 1. Their career reflects dedication, teamwork, and ambition to achieve podiums, victories, and potentially world championships in the future."
Current Driver,Franco Colapinto,Argentina,"Franco Colapinto is an active Formula 1 driver competing at the highest level of motorsport. Representing Argentina, Franco Colapinto has demonstrated strong performance, adaptability, and technical skill across different circuits. Known for competitive racing and continuous development, Franco Colapinto contributes to the evolving dynamics of modern Formula 1. Their career reflects dedication, teamwork, and ambition to achieve podiums, victories, and potentially world championships in the future."
Current Driver,Isack Hadjar,France,"Isack Hadjar is an active Formula 1 driver competing at the highest level of motorsport. Representing France, Isack Hadjar has demonstrated strong performance, adaptability, and technical skill across different circuits. Known for competitive racing and continuous development, Isack Hadjar contributes to the evolving dynamics of modern Formula 1. Their career reflects dedication, teamwork, and ambition to achieve podiums, victories, and potentially world championships in the future."
